invoice_id,flagged,error_category,expected_total_cents,billed_total_cents,confidence
PA-00001,,,,,
PA-00002,,,,,
PA-00003,,,,,
PA-00004,,,,,
PA-00005,,,,,
PA-00006,,,,,
PA-00007,,,,,
PA-00008,,,,,
PA-00009,,,,,
PA-00010,,,,,
PA-00011,,,,,
PA-00012,,,,,
PA-00013,,,,,
PA-00014,,,,,
PA-00015,,,,,
PA-00016,,,,,
PA-00017,,,,,
PA-00018,,,,,
PA-00019,,,,,
PA-00020,,,,,
PA-00021,,,,,
PA-00022,,,,,
PA-00023,,,,,
PA-00024,,,,,
PA-00025,,,,,
PA-00026,,,,,
PA-00027,,,,,
PA-00028,,,,,
PA-00029,,,,,
PA-00030,,,,,
PA-00031,,,,,
PA-00032,,,,,
PA-00033,,,,,
PA-00034,,,,,
PA-00035,,,,,
PA-00036,,,,,
PA-00037,,,,,
PA-00038,,,,,
PA-00039,,,,,
PA-00040,,,,,
PA-00041,,,,,
PA-00042,,,,,
PA-00043,,,,,
PA-00044,,,,,
PA-00045,,,,,
PA-00046,,,,,
PA-00047,,,,,
PA-00048,,,,,
PA-00049,,,,,
PA-00050,,,,,
PA-00051,,,,,
PA-00052,,,,,
PA-00053,,,,,
PA-00054,,,,,
PA-00055,,,,,
PA-00056,,,,,
PA-00057,,,,,
PA-00058,,,,,
PA-00059,,,,,
PA-00060,,,,,
PA-00061,,,,,
PA-00062,,,,,
PA-00063,,,,,
PA-00064,,,,,
PA-00065,,,,,
PA-00066,,,,,
PA-00067,,,,,
PA-00068,,,,,
PA-00069,,,,,
PA-00070,,,,,
PA-00071,,,,,
PA-00072,,,,,
PA-00073,,,,,
PA-00074,,,,,
PA-00075,,,,,
PA-00076,,,,,
PA-00077,,,,,
PA-00078,,,,,
PA-00079,,,,,
PA-00080,,,,,
PA-00081,,,,,
PA-00082,,,,,
PA-00083,,,,,
PA-00084,,,,,
PA-00085,,,,,
PA-00086,,,,,
PA-00087,,,,,
PA-00088,,,,,
PA-00089,,,,,
PA-00090,,,,,
PA-00091,,,,,
PA-00092,,,,,
PA-00093,,,,,
PA-00094,,,,,
PA-00095,,,,,
PA-00096,,,,,
PA-00097,,,,,
PA-00098,,,,,
PA-00099,,,,,
PA-00100,,,,,
PA-00101,,,,,
PA-00102,,,,,
PA-00103,,,,,
PA-00104,,,,,
PA-00105,,,,,
PA-00106,,,,,
PA-00107,,,,,
PA-00108,,,,,
PA-00109,,,,,
PA-00110,,,,,
PA-00111,,,,,
PA-00112,,,,,
PA-00113,,,,,
PA-00114,,,,,
PA-00115,,,,,
PA-00116,,,,,
PA-00117,,,,,
PA-00118,,,,,
PA-00119,,,,,
PA-00120,,,,,
PA-00121,,,,,
PA-00122,,,,,
PA-00123,,,,,
PA-00124,,,,,
PA-00125,,,,,
PA-00126,,,,,
PA-00127,,,,,
PA-00128,,,,,
PA-00129,,,,,
PA-00130,,,,,
PA-00131,,,,,
PA-00132,,,,,
PA-00133,,,,,
PA-00134,,,,,
PA-00135,,,,,
PA-00136,,,,,
PA-00137,,,,,
PA-00138,,,,,
PA-00139,,,,,
PA-00140,,,,,
PA-00141,,,,,
PA-00142,,,,,
PA-00143,,,,,
PA-00144,,,,,
PA-00145,,,,,
PA-00146,,,,,
PA-00147,,,,,
PA-00148,,,,,
PA-00149,,,,,
PA-00150,,,,,
PA-00151,,,,,
PA-00152,,,,,
PA-00153,,,,,
PA-00154,,,,,
PA-00155,,,,,
PA-00156,,,,,
PA-00157,,,,,
PA-00158,,,,,
PA-00159,,,,,
PA-00160,,,,,
PA-00161,,,,,
PA-00162,,,,,
PA-00163,,,,,
PA-00164,,,,,
PA-00165,,,,,
PA-00166,,,,,
PA-00167,,,,,
PA-00168,,,,,
PA-00169,,,,,
PA-00170,,,,,
PA-00171,,,,,
PA-00172,,,,,
PA-00173,,,,,
PA-00174,,,,,
PA-00175,,,,,
PA-00176,,,,,
PA-00177,,,,,
PA-00178,,,,,
PA-00179,,,,,
PA-00180,,,,,
PA-00181,,,,,
PA-00182,,,,,
PA-00183,,,,,
PA-00184,,,,,
PA-00185,,,,,
PA-00186,,,,,
PA-00187,,,,,
PA-00188,,,,,
PA-00189,,,,,
PA-00190,,,,,
PA-00191,,,,,
PA-00192,,,,,
PA-00193,,,,,
PA-00194,,,,,
PA-00195,,,,,
PA-00196,,,,,
PA-00197,,,,,
PA-00198,,,,,
PA-00199,,,,,
PA-00200,,,,,
PA-00201,,,,,
PA-00202,,,,,
PA-00203,,,,,
PA-00204,,,,,
PA-00205,,,,,
PA-00206,,,,,
PA-00207,,,,,
PA-00208,,,,,
PA-00209,,,,,
PA-00210,,,,,
PA-00211,,,,,
PA-00212,,,,,
PA-00213,,,,,
PA-00214,,,,,
PA-00215,,,,,
PA-00216,,,,,
PA-00217,,,,,
PA-00218,,,,,
PA-00219,,,,,
PA-00220,,,,,
PA-00221,,,,,
PA-00222,,,,,
PA-00223,,,,,
PA-00224,,,,,
PA-00225,,,,,
PA-00226,,,,,
PA-00227,,,,,
PA-00228,,,,,
PA-00229,,,,,
PA-00230,,,,,
PA-00231,,,,,
PA-00232,,,,,
PA-00233,,,,,
PA-00234,,,,,
PA-00235,,,,,
PA-00236,,,,,
PA-00237,,,,,
PA-00238,,,,,
PA-00239,,,,,
PA-00240,,,,,
PA-00241,,,,,
PA-00242,,,,,
PA-00243,,,,,
PA-00244,,,,,
PA-00245,,,,,
PA-00246,,,,,
PA-00247,,,,,
PA-00248,,,,,
PA-00249,,,,,
PA-00250,,,,,
PA-00251,,,,,
PA-00252,,,,,
PA-00253,,,,,
PA-00254,,,,,
PA-00255,,,,,
PA-00256,,,,,
PA-00257,,,,,
PA-00258,,,,,
PA-00259,,,,,
PA-00260,,,,,
PA-00261,,,,,
PA-00262,,,,,
PA-00263,,,,,
PA-00264,,,,,
PA-00265,,,,,
PA-00266,,,,,
PA-00267,,,,,
PA-00268,,,,,
PA-00269,,,,,
PA-00270,,,,,
PA-00271,,,,,
PA-00272,,,,,
PA-00273,,,,,
PA-00274,,,,,
PA-00275,,,,,
PA-00276,,,,,
PA-00277,,,,,
PA-00278,,,,,
PA-00279,,,,,
PA-00280,,,,,
PA-00281,,,,,
PA-00282,,,,,
PA-00283,,,,,
PA-00284,,,,,
PA-00285,,,,,
PA-00286,,,,,
PA-00287,,,,,
PA-00288,,,,,
PA-00289,,,,,
PA-00290,,,,,
PA-00291,,,,,
PA-00292,,,,,
PA-00293,,,,,
PA-00294,,,,,
PA-00295,,,,,
PA-00296,,,,,
PA-00297,,,,,
PA-00298,,,,,
PA-00299,,,,,
PA-00300,,,,,
PA-00301,,,,,
PA-00302,,,,,
PA-00303,,,,,
PA-00304,,,,,
PA-00305,,,,,
PA-00306,,,,,
PA-00307,,,,,
PA-00308,,,,,
PA-00309,,,,,
PA-00310,,,,,
PA-00311,,,,,
PA-00312,,,,,
PA-00313,,,,,
PA-00314,,,,,
PA-00315,,,,,
PA-00316,,,,,
PA-00317,,,,,
PA-00318,,,,,
PA-00319,,,,,
PA-00320,,,,,
PA-00321,,,,,
PA-00322,,,,,
PA-00323,,,,,
PA-00324,,,,,
PA-00325,,,,,
PA-00326,,,,,
PA-00327,,,,,
PA-00328,,,,,
PA-00329,,,,,
PA-00330,,,,,
PA-00331,,,,,
PA-00332,,,,,
PA-00333,,,,,
PA-00334,,,,,
PA-00335,,,,,
PA-00336,,,,,
PA-00337,,,,,
PA-00338,,,,,
PA-00339,,,,,
PA-00340,,,,,
PA-00341,,,,,
PA-00342,,,,,
PA-00343,,,,,
PA-00344,,,,,
PA-00345,,,,,
PA-00346,,,,,
PA-00347,,,,,
PA-00348,,,,,
PA-00349,,,,,
PA-00350,,,,,
PA-00351,,,,,
PA-00352,,,,,
PA-00353,,,,,
PA-00354,,,,,
PA-00355,,,,,
PA-00356,,,,,
PA-00357,,,,,
PA-00358,,,,,
PA-00359,,,,,
PA-00360,,,,,
PA-00361,,,,,
PA-00362,,,,,
PA-00363,,,,,
PA-00364,,,,,
PA-00365,,,,,
PA-00366,,,,,
PA-00367,,,,,
PA-00368,,,,,
PA-00369,,,,,
PA-00370,,,,,
PA-00371,,,,,
PA-00372,,,,,
PA-00373,,,,,
PA-00374,,,,,
PA-00375,,,,,
PA-00376,,,,,
PA-00377,,,,,
PA-00378,,,,,
PA-00379,,,,,
PA-00380,,,,,
PA-00381,,,,,
PA-00382,,,,,
PA-00383,,,,,
PA-00384,,,,,
PA-00385,,,,,
PA-00386,,,,,
PA-00387,,,,,
PA-00388,,,,,
PA-00389,,,,,
PA-00390,,,,,
PA-00391,,,,,
PA-00392,,,,,
PA-00393,,,,,
PA-00394,,,,,
PA-00395,,,,,
PA-00396,,,,,
PA-00397,,,,,
PA-00398,,,,,
PA-00399,,,,,
PA-00400,,,,,
PA-00401,,,,,
PA-00402,,,,,
PA-00403,,,,,
PA-00404,,,,,
PA-00405,,,,,
PA-00406,,,,,
PA-00407,,,,,
PA-00408,,,,,
PA-00409,,,,,
PA-00410,,,,,
PA-00411,,,,,
PA-00412,,,,,
PA-00413,,,,,
PA-00414,,,,,
PA-00415,,,,,
PA-00416,,,,,
PA-00417,,,,,
PA-00418,,,,,
PA-00419,,,,,
PA-00420,,,,,
PA-00421,,,,,
PA-00422,,,,,
PA-00423,,,,,
PA-00424,,,,,
PA-00425,,,,,
PA-00426,,,,,
PA-00427,,,,,
PA-00428,,,,,
PA-00429,,,,,
PA-00430,,,,,
PA-00431,,,,,
PA-00432,,,,,
PA-00433,,,,,
PA-00434,,,,,
PA-00435,,,,,
PA-00436,,,,,
PA-00437,,,,,
PA-00438,,,,,
PA-00439,,,,,
PA-00440,,,,,
PA-00441,,,,,
PA-00442,,,,,
PA-00443,,,,,
PA-00444,,,,,
PA-00445,,,,,
PA-00446,,,,,
PA-00447,,,,,
PA-00448,,,,,
PA-00449,,,,,
PA-00450,,,,,
PA-00451,,,,,
PA-00452,,,,,
PA-00453,,,,,
PA-00454,,,,,
PA-00455,,,,,
PA-00456,,,,,
PA-00457,,,,,
PA-00458,,,,,
PA-00459,,,,,
PA-00460,,,,,
PA-00461,,,,,
PA-00462,,,,,
PA-00463,,,,,
PA-00464,,,,,
PA-00465,,,,,
PA-00466,,,,,
PA-00467,,,,,
PA-00468,,,,,
PA-00469,,,,,
PA-00470,,,,,
PA-00471,,,,,
PA-00472,,,,,
PA-00473,,,,,
PA-00474,,,,,
PA-00475,,,,,
PA-00476,,,,,
PA-00477,,,,,
PA-00478,,,,,
PA-00479,,,,,
PA-00480,,,,,
PA-00481,,,,,
PA-00482,,,,,
PA-00483,,,,,
PA-00484,,,,,
PA-00485,,,,,
PA-00486,,,,,
PA-00487,,,,,
PA-00488,,,,,
PA-00489,,,,,
PA-00490,,,,,
PA-00491,,,,,
PA-00492,,,,,
PA-00493,,,,,
PA-00494,,,,,
PA-00495,,,,,
PA-00496,,,,,
PA-00497,,,,,
PA-00498,,,,,
PA-00499,,,,,
PA-00500,,,,,
PA-00501,,,,,
PA-00502,,,,,
PA-00503,,,,,
PA-00504,,,,,
PA-00505,,,,,
PA-00506,,,,,
PA-00507,,,,,
PA-00508,,,,,
PA-00509,,,,,
PA-00510,,,,,
PA-00511,,,,,
PA-00512,,,,,
PA-00513,,,,,
PA-00514,,,,,
PA-00515,,,,,
PA-00516,,,,,
PA-00517,,,,,
PA-00518,,,,,
PA-00519,,,,,
PA-00520,,,,,
PA-00521,,,,,
PA-00522,,,,,
PA-00523,,,,,
PA-00524,,,,,
PA-00525,,,,,
PA-00526,,,,,
PA-00527,,,,,
PA-00528,,,,,
PA-00529,,,,,
PA-00530,,,,,
PA-00531,,,,,
PA-00532,,,,,
PA-00533,,,,,
PA-00534,,,,,
PA-00535,,,,,
PA-00536,,,,,
PA-00537,,,,,
PA-00538,,,,,
PA-00539,,,,,
PA-00540,,,,,
PA-00541,,,,,
PA-00542,,,,,
PA-00543,,,,,
PA-00544,,,,,
PA-00545,,,,,
PA-00546,,,,,
PA-00547,,,,,
PA-00548,,,,,
PA-00549,,,,,
PA-00550,,,,,
PA-00551,,,,,
PA-00552,,,,,
PA-00553,,,,,
PA-00554,,,,,
PA-00555,,,,,
PA-00556,,,,,
PA-00557,,,,,
PA-00558,,,,,
PA-00559,,,,,
PA-00560,,,,,
PA-00561,,,,,
PA-00562,,,,,
PA-00563,,,,,
PA-00564,,,,,
PA-00565,,,,,
PA-00566,,,,,
PA-00567,,,,,
PA-00568,,,,,
PA-00569,,,,,
PA-00570,,,,,
PA-00571,,,,,
PA-00572,,,,,
PA-00573,,,,,
PA-00574,,,,,
PA-00575,,,,,
PA-00576,,,,,
PA-00577,,,,,
PA-00578,,,,,
PA-00579,,,,,
PA-00580,,,,,
PA-00581,,,,,
PA-00582,,,,,
PA-00583,,,,,
PA-00584,,,,,
PA-00585,,,,,
PA-00586,,,,,
PA-00587,,,,,
PA-00588,,,,,
PA-00589,,,,,
PA-00590,,,,,
PA-00591,,,,,
PA-00592,,,,,
PA-00593,,,,,
PA-00594,,,,,
PA-00595,,,,,
PA-00596,,,,,
PA-00597,,,,,
PA-00598,,,,,
PA-00599,,,,,
PA-00600,,,,,
PA-00601,,,,,
PA-00602,,,,,
PA-00603,,,,,
PA-00604,,,,,
PA-00605,,,,,
PA-00606,,,,,
PA-00607,,,,,
PA-00608,,,,,
PA-00609,,,,,
PA-00610,,,,,
PA-00611,,,,,
PA-00612,,,,,
PA-00613,,,,,
PA-00614,,,,,
PA-00615,,,,,
PA-00616,,,,,
PA-00617,,,,,
PA-00618,,,,,
PA-00619,,,,,
PA-00620,,,,,
PA-00621,,,,,
PA-00622,,,,,
PA-00623,,,,,
PA-00624,,,,,
PA-00625,,,,,
PA-00626,,,,,
PA-00627,,,,,
PA-00628,,,,,
PA-00629,,,,,
PA-00630,,,,,
PA-00631,,,,,
PA-00632,,,,,
PA-00633,,,,,
PA-00634,,,,,
PA-00635,,,,,
PA-00636,,,,,
PA-00637,,,,,
PA-00638,,,,,
PA-00639,,,,,
PA-00640,,,,,
PA-00641,,,,,
PA-00642,,,,,
PA-00643,,,,,
PA-00644,,,,,
PA-00645,,,,,
PA-00646,,,,,
PA-00647,,,,,
PA-00648,,,,,
PA-00649,,,,,
PA-00650,,,,,
PA-00651,,,,,
PA-00652,,,,,
PA-00653,,,,,
PA-00654,,,,,
PA-00655,,,,,
PA-00656,,,,,
PA-00657,,,,,
PA-00658,,,,,
PA-00659,,,,,
PA-00660,,,,,
PA-00661,,,,,
PA-00662,,,,,
PA-00663,,,,,
PA-00664,,,,,
PA-00665,,,,,
PA-00666,,,,,
PA-00667,,,,,
PA-00668,,,,,
PA-00669,,,,,
PA-00670,,,,,
PA-00671,,,,,
PA-00672,,,,,
PA-00673,,,,,
PA-00674,,,,,
PA-00675,,,,,
PA-00676,,,,,
PA-00677,,,,,
PA-00678,,,,,
PA-00679,,,,,
PA-00680,,,,,
PA-00681,,,,,
PA-00682,,,,,
PA-00683,,,,,
PA-00684,,,,,
PA-00685,,,,,
PA-00686,,,,,
PA-00687,,,,,
PA-00688,,,,,
PA-00689,,,,,
PA-00690,,,,,
PA-00691,,,,,
PA-00692,,,,,
PA-00693,,,,,
PA-00694,,,,,
PA-00695,,,,,
PA-00696,,,,,
PA-00697,,,,,
PA-00698,,,,,
PA-00699,,,,,
PA-00700,,,,,
PA-00701,,,,,
PA-00702,,,,,
PA-00703,,,,,
PA-00704,,,,,
PA-00705,,,,,
PA-00706,,,,,
PA-00707,,,,,
PA-00708,,,,,
PA-00709,,,,,
PA-00710,,,,,
PA-00711,,,,,
PA-00712,,,,,
PA-00713,,,,,
PA-00714,,,,,
PA-00715,,,,,
PA-00716,,,,,
PA-00717,,,,,
PA-00718,,,,,
PA-00719,,,,,
PA-00720,,,,,
PA-00721,,,,,
PA-00722,,,,,
PA-00723,,,,,
PA-00724,,,,,
PA-00725,,,,,
PA-00726,,,,,
PA-00727,,,,,
PA-00728,,,,,
PA-00729,,,,,
PA-00730,,,,,
PA-00731,,,,,
PA-00732,,,,,
PA-00733,,,,,
PA-00734,,,,,
PA-00735,,,,,
PA-00736,,,,,
PA-00737,,,,,
PA-00738,,,,,
PA-00739,,,,,
PA-00740,,,,,
PA-00741,,,,,
PA-00742,,,,,
PA-00743,,,,,
PA-00744,,,,,
PA-00745,,,,,
PA-00746,,,,,
PA-00747,,,,,
PA-00748,,,,,
PA-00749,,,,,
PA-00750,,,,,
PA-00751,,,,,
PA-00752,,,,,
PA-00753,,,,,
PA-00754,,,,,
PA-00755,,,,,
PA-00756,,,,,
PA-00757,,,,,
PA-00758,,,,,
PA-00759,,,,,
PA-00760,,,,,
PA-00761,,,,,
PA-00762,,,,,
PA-00763,,,,,
PA-00764,,,,,
PA-00765,,,,,
PA-00766,,,,,
PA-00767,,,,,
PA-00768,,,,,
PA-00769,,,,,
PA-00770,,,,,
PA-00771,,,,,
PA-00772,,,,,
PA-00773,,,,,
PA-00774,,,,,
PA-00775,,,,,
PA-00776,,,,,
PA-00777,,,,,
PA-00778,,,,,
PA-00779,,,,,
PA-00780,,,,,
PA-00781,,,,,
PA-00782,,,,,
PA-00783,,,,,
PA-00784,,,,,
PA-00785,,,,,
PA-00786,,,,,
PA-00787,,,,,
PA-00788,,,,,
PA-00789,,,,,
PA-00790,,,,,
PA-00791,,,,,
PA-00792,,,,,
PA-00793,,,,,
PA-00794,,,,,
PA-00795,,,,,
PA-00796,,,,,
PA-00797,,,,,
PA-00798,,,,,
PA-00799,,,,,
PA-00800,,,,,
PA-00801,,,,,
PA-00802,,,,,
PA-00803,,,,,
PA-00804,,,,,
PA-00805,,,,,
PA-00806,,,,,
PA-00807,,,,,
PA-00808,,,,,
PA-00809,,,,,
PA-00810,,,,,
PA-00811,,,,,
PA-00812,,,,,
PA-00813,,,,,
PA-00814,,,,,
PA-00815,,,,,
PA-00816,,,,,
PA-00817,,,,,
PA-00818,,,,,
PA-00819,,,,,
PA-00820,,,,,
PA-00821,,,,,
PA-00822,,,,,
PA-00823,,,,,
PA-00824,,,,,
PA-00825,,,,,
PA-00826,,,,,
PA-00827,,,,,
PA-00828,,,,,
PA-00829,,,,,
PA-00830,,,,,
PA-00831,,,,,
PA-00832,,,,,
PA-00833,,,,,
PA-00834,,,,,
PA-00835,,,,,
PA-00836,,,,,
PA-00837,,,,,
PA-00838,,,,,
PA-00839,,,,,
PA-00840,,,,,
PA-00841,,,,,
PA-00842,,,,,
PA-00843,,,,,
PA-00844,,,,,
PA-00845,,,,,
PA-00846,,,,,
PA-00847,,,,,
PA-00848,,,,,
PA-00849,,,,,
PA-00850,,,,,
PA-00851,,,,,
PA-00852,,,,,
PA-00853,,,,,
PA-00854,,,,,
PA-00855,,,,,
PA-00856,,,,,
PA-00857,,,,,
PA-00858,,,,,
PA-00859,,,,,
PA-00860,,,,,
PA-00861,,,,,
PA-00862,,,,,
PA-00863,,,,,
PA-00864,,,,,
PA-00865,,,,,
PA-00866,,,,,
PA-00867,,,,,
PA-00868,,,,,
PA-00869,,,,,
PA-00870,,,,,
PA-00871,,,,,
PA-00872,,,,,
PA-00873,,,,,
PA-00874,,,,,
PA-00875,,,,,
PA-00876,,,,,
PA-00877,,,,,
PA-00878,,,,,
PA-00879,,,,,
PA-00880,,,,,
PA-00881,,,,,
PA-00882,,,,,
PA-00883,,,,,
PA-00884,,,,,
PA-00885,,,,,
PA-00886,,,,,
PA-00887,,,,,
PA-00888,,,,,
PA-00889,,,,,
PA-00890,,,,,
PA-00891,,,,,
PA-00892,,,,,
PA-00893,,,,,
PA-00894,,,,,
PA-00895,,,,,
PA-00896,,,,,
PA-00897,,,,,
PA-00898,,,,,
PA-00899,,,,,
PA-00900,,,,,
MDS-00001,,,,,
MDS-00002,,,,,
MDS-00003,,,,,
MDS-00004,,,,,
MDS-00005,,,,,
MDS-00006,,,,,
MDS-00007,,,,,
MDS-00008,,,,,
MDS-00009,,,,,
MDS-00010,,,,,
MDS-00011,,,,,
MDS-00012,,,,,
MDS-00013,,,,,
MDS-00014,,,,,
MDS-00015,,,,,
MDS-00016,,,,,
MDS-00017,,,,,
MDS-00018,,,,,
MDS-00019,,,,,
MDS-00020,,,,,
MDS-00021,,,,,
MDS-00022,,,,,
MDS-00023,,,,,
MDS-00024,,,,,
MDS-00025,,,,,
MDS-00026,,,,,
MDS-00027,,,,,
MDS-00028,,,,,
MDS-00029,,,,,
MDS-00030,,,,,
MDS-00031,,,,,
MDS-00032,,,,,
MDS-00033,,,,,
MDS-00034,,,,,
MDS-00035,,,,,
MDS-00036,,,,,
MDS-00037,,,,,
MDS-00038,,,,,
MDS-00039,,,,,
MDS-00040,,,,,
MDS-00041,,,,,
MDS-00042,,,,,
MDS-00043,,,,,
MDS-00044,,,,,
MDS-00045,,,,,
MDS-00046,,,,,
MDS-00047,,,,,
MDS-00048,,,,,
MDS-00049,,,,,
MDS-00050,,,,,
MDS-00051,,,,,
MDS-00052,,,,,
MDS-00053,,,,,
MDS-00054,,,,,
MDS-00055,,,,,
MDS-00056,,,,,
MDS-00057,,,,,
MDS-00058,,,,,
MDS-00059,,,,,
MDS-00060,,,,,
MDS-00061,,,,,
MDS-00062,,,,,
MDS-00063,,,,,
MDS-00064,,,,,
MDS-00065,,,,,
MDS-00066,,,,,
MDS-00067,,,,,
MDS-00068,,,,,
MDS-00069,,,,,
MDS-00070,,,,,
MDS-00071,,,,,
MDS-00072,,,,,
MDS-00073,,,,,
MDS-00074,,,,,
MDS-00075,,,,,
MDS-00076,,,,,
MDS-00077,,,,,
MDS-00078,,,,,
MDS-00079,,,,,
MDS-00080,,,,,
MDS-00081,,,,,
MDS-00082,,,,,
MDS-00083,,,,,
MDS-00084,,,,,
MDS-00085,,,,,
MDS-00086,,,,,
MDS-00087,,,,,
MDS-00088,,,,,
MDS-00089,,,,,
MDS-00090,,,,,
MDS-00091,,,,,
MDS-00092,,,,,
MDS-00093,,,,,
MDS-00094,,,,,
MDS-00095,,,,,
MDS-00096,,,,,
MDS-00097,,,,,
MDS-00098,,,,,
MDS-00099,,,,,
MDS-00100,,,,,
MDS-00101,,,,,
MDS-00102,,,,,
MDS-00103,,,,,
MDS-00104,,,,,
MDS-00105,,,,,
MDS-00106,,,,,
MDS-00107,,,,,
MDS-00108,,,,,
MDS-00109,,,,,
MDS-00110,,,,,
MDS-00111,,,,,
MDS-00112,,,,,
MDS-00113,,,,,
MDS-00114,,,,,
MDS-00115,,,,,
MDS-00116,,,,,
MDS-00117,,,,,
MDS-00118,,,,,
MDS-00119,,,,,
MDS-00120,,,,,
MDS-00121,,,,,
MDS-00122,,,,,
MDS-00123,,,,,
MDS-00124,,,,,
MDS-00125,,,,,
MDS-00126,,,,,
MDS-00127,,,,,
MDS-00128,,,,,
MDS-00129,,,,,
MDS-00130,,,,,
MDS-00131,,,,,
MDS-00132,,,,,
MDS-00133,,,,,
MDS-00134,,,,,
MDS-00135,,,,,
MDS-00136,,,,,
MDS-00137,,,,,
MDS-00138,,,,,
MDS-00139,,,,,
MDS-00140,,,,,
MDS-00141,,,,,
MDS-00142,,,,,
MDS-00143,,,,,
MDS-00144,,,,,
MDS-00145,,,,,
MDS-00146,,,,,
MDS-00147,,,,,
MDS-00148,,,,,
MDS-00149,,,,,
MDS-00150,,,,,
MDS-00151,,,,,
MDS-00152,,,,,
MDS-00153,,,,,
MDS-00154,,,,,
MDS-00155,,,,,
MDS-00156,,,,,
MDS-00157,,,,,
MDS-00158,,,,,
MDS-00159,,,,,
MDS-00160,,,,,
MDS-00161,,,,,
MDS-00162,,,,,
MDS-00163,,,,,
MDS-00164,,,,,
MDS-00165,,,,,
MDS-00166,,,,,
MDS-00167,,,,,
MDS-00168,,,,,
MDS-00169,,,,,
MDS-00170,,,,,
MDS-00171,,,,,
MDS-00172,,,,,
MDS-00173,,,,,
MDS-00174,,,,,
MDS-00175,,,,,
MDS-00176,,,,,
MDS-00177,,,,,
MDS-00178,,,,,
MDS-00179,,,,,
MDS-00180,,,,,
MDS-00181,,,,,
MDS-00182,,,,,
MDS-00183,,,,,
MDS-00184,,,,,
MDS-00185,,,,,
MDS-00186,,,,,
MDS-00187,,,,,
MDS-00188,,,,,
MDS-00189,,,,,
MDS-00190,,,,,
MDS-00191,,,,,
MDS-00192,,,,,
MDS-00193,,,,,
MDS-00194,,,,,
MDS-00195,,,,,
MDS-00196,,,,,
MDS-00197,,,,,
MDS-00198,,,,,
MDS-00199,,,,,
MDS-00200,,,,,
MDS-00201,,,,,
MDS-00202,,,,,
MDS-00203,,,,,
MDS-00204,,,,,
MDS-00205,,,,,
MDS-00206,,,,,
MDS-00207,,,,,
MDS-00208,,,,,
MDS-00209,,,,,
MDS-00210,,,,,
MDS-00211,,,,,
MDS-00212,,,,,
MDS-00213,,,,,
MDS-00214,,,,,
MDS-00215,,,,,
MDS-00216,,,,,
MDS-00217,,,,,
MDS-00218,,,,,
MDS-00219,,,,,
MDS-00220,,,,,
MDS-00221,,,,,
MDS-00222,,,,,
MDS-00223,,,,,
MDS-00224,,,,,
MDS-00225,,,,,
MDS-00226,,,,,
MDS-00227,,,,,
MDS-00228,,,,,
MDS-00229,,,,,
MDS-00230,,,,,
MDS-00231,,,,,
MDS-00232,,,,,
MDS-00233,,,,,
MDS-00234,,,,,
MDS-00235,,,,,
MDS-00236,,,,,
MDS-00237,,,,,
MDS-00238,,,,,
MDS-00239,,,,,
MDS-00240,,,,,
MDS-00241,,,,,
MDS-00242,,,,,
MDS-00243,,,,,
MDS-00244,,,,,
MDS-00245,,,,,
MDS-00246,,,,,
MDS-00247,,,,,
MDS-00248,,,,,
MDS-00249,,,,,
MDS-00250,,,,,
MDS-00251,,,,,
MDS-00252,,,,,
MDS-00253,,,,,
MDS-00254,,,,,
MDS-00255,,,,,
MDS-00256,,,,,
MDS-00257,,,,,
MDS-00258,,,,,
MDS-00259,,,,,
MDS-00260,,,,,
MDS-00261,,,,,
MDS-00262,,,,,
MDS-00263,,,,,
MDS-00264,,,,,
MDS-00265,,,,,
MDS-00266,,,,,
MDS-00267,,,,,
MDS-00268,,,,,
MDS-00269,,,,,
MDS-00270,,,,,
MDS-00271,,,,,
MDS-00272,,,,,
MDS-00273,,,,,
MDS-00274,,,,,
MDS-00275,,,,,
MDS-00276,,,,,
MDS-00277,,,,,
MDS-00278,,,,,
MDS-00279,,,,,
MDS-00280,,,,,
MDS-00281,,,,,
MDS-00282,,,,,
MDS-00283,,,,,
MDS-00284,,,,,
MDS-00285,,,,,
MDS-00286,,,,,
MDS-00287,,,,,
MDS-00288,,,,,
MDS-00289,,,,,
MDS-00290,,,,,
MDS-00291,,,,,
MDS-00292,,,,,
MDS-00293,,,,,
MDS-00294,,,,,
MDS-00295,,,,,
MDS-00296,,,,,
MDS-00297,,,,,
MDS-00298,,,,,
MDS-00299,,,,,
MDS-00300,,,,,
MDS-00301,,,,,
MDS-00302,,,,,
MDS-00303,,,,,
MDS-00304,,,,,
MDS-00305,,,,,
MDS-00306,,,,,
MDS-00307,,,,,
MDS-00308,,,,,
MDS-00309,,,,,
MDS-00310,,,,,
MDS-00311,,,,,
MDS-00312,,,,,
MDS-00313,,,,,
MDS-00314,,,,,
MDS-00315,,,,,
MDS-00316,,,,,
MDS-00317,,,,,
MDS-00318,,,,,
MDS-00319,,,,,
MDS-00320,,,,,
MDS-00321,,,,,
MDS-00322,,,,,
MDS-00323,,,,,
MDS-00324,,,,,
MDS-00325,,,,,
MDS-00326,,,,,
MDS-00327,,,,,
MDS-00328,,,,,
MDS-00329,,,,,
MDS-00330,,,,,
MDS-00331,,,,,
MDS-00332,,,,,
MDS-00333,,,,,
MDS-00334,,,,,
MDS-00335,,,,,
MDS-00336,,,,,
MDS-00337,,,,,
MDS-00338,,,,,
MDS-00339,,,,,
MDS-00340,,,,,
MDS-00341,,,,,
MDS-00342,,,,,
MDS-00343,,,,,
MDS-00344,,,,,
MDS-00345,,,,,
MDS-00346,,,,,
MDS-00347,,,,,
MDS-00348,,,,,
MDS-00349,,,,,
MDS-00350,,,,,
MDS-00351,,,,,
MDS-00352,,,,,
MDS-00353,,,,,
MDS-00354,,,,,
MDS-00355,,,,,
MDS-00356,,,,,
MDS-00357,,,,,
MDS-00358,,,,,
MDS-00359,,,,,
MDS-00360,,,,,
MDS-00361,,,,,
MDS-00362,,,,,
MDS-00363,,,,,
MDS-00364,,,,,
MDS-00365,,,,,
MDS-00366,,,,,
MDS-00367,,,,,
MDS-00368,,,,,
MDS-00369,,,,,
MDS-00370,,,,,
MDS-00371,,,,,
MDS-00372,,,,,
MDS-00373,,,,,
MDS-00374,,,,,
MDS-00375,,,,,
MDS-00376,,,,,
MDS-00377,,,,,
MDS-00378,,,,,
MDS-00379,,,,,
MDS-00380,,,,,
MDS-00381,,,,,
MDS-00382,,,,,
MDS-00383,,,,,
MDS-00384,,,,,
MDS-00385,,,,,
MDS-00386,,,,,
MDS-00387,,,,,
MDS-00388,,,,,
MDS-00389,,,,,
MDS-00390,,,,,
MDS-00391,,,,,
MDS-00392,,,,,
MDS-00393,,,,,
MDS-00394,,,,,
MDS-00395,,,,,
MDS-00396,,,,,
MDS-00397,,,,,
MDS-00398,,,,,
MDS-00399,,,,,
MDS-00400,,,,,
MDS-00401,,,,,
MDS-00402,,,,,
MDS-00403,,,,,
MDS-00404,,,,,
MDS-00405,,,,,
MDS-00406,,,,,
MDS-00407,,,,,
MDS-00408,,,,,
MDS-00409,,,,,
MDS-00410,,,,,
MDS-00411,,,,,
MDS-00412,,,,,
MDS-00413,,,,,
MDS-00414,,,,,
MDS-00415,,,,,
MDS-00416,,,,,
MDS-00417,,,,,
MDS-00418,,,,,
MDS-00419,,,,,
MDS-00420,,,,,
MDS-00421,,,,,
MDS-00422,,,,,
MDS-00423,,,,,
MDS-00424,,,,,
MDS-00425,,,,,
MDS-00426,,,,,
MDS-00427,,,,,
MDS-00428,,,,,
MDS-00429,,,,,
MDS-00430,,,,,
MDS-00431,,,,,
MDS-00432,,,,,
MDS-00433,,,,,
MDS-00434,,,,,
MDS-00435,,,,,
MDS-00436,,,,,
MDS-00437,,,,,
MDS-00438,,,,,
MDS-00439,,,,,
MDS-00440,,,,,
MDS-00441,,,,,
MDS-00442,,,,,
MDS-00443,,,,,
MDS-00444,,,,,
MDS-00445,,,,,
MDS-00446,,,,,
MDS-00447,,,,,
MDS-00448,,,,,
MDS-00449,,,,,
MDS-00450,,,,,
MDS-00451,,,,,
MDS-00452,,,,,
MDS-00453,,,,,
MDS-00454,,,,,
MDS-00455,,,,,
MDS-00456,,,,,
MDS-00457,,,,,
MDS-00458,,,,,
MDS-00459,,,,,
MDS-00460,,,,,
MDS-00461,,,,,
MDS-00462,,,,,
MDS-00463,,,,,
MDS-00464,,,,,
MDS-00465,,,,,
MDS-00466,,,,,
MDS-00467,,,,,
MDS-00468,,,,,
MDS-00469,,,,,
MDS-00470,,,,,
MDS-00471,,,,,
MDS-00472,,,,,
MDS-00473,,,,,
MDS-00474,,,,,
MDS-00475,,,,,
MDS-00476,,,,,
MDS-00477,,,,,
MDS-00478,,,,,
MDS-00479,,,,,
MDS-00480,,,,,
MDS-00481,,,,,
MDS-00482,,,,,
MDS-00483,,,,,
MDS-00484,,,,,
MDS-00485,,,,,
MDS-00486,,,,,
MDS-00487,,,,,
MDS-00488,,,,,
MDS-00489,,,,,
MDS-00490,,,,,
MDS-00491,,,,,
MDS-00492,,,,,
MDS-00493,,,,,
MDS-00494,,,,,
MDS-00495,,,,,
MDS-00496,,,,,
MDS-00497,,,,,
MDS-00498,,,,,
MDS-00499,,,,,
MDS-00500,,,,,
MDS-00501,,,,,
MDS-00502,,,,,
MDS-00503,,,,,
MDS-00504,,,,,
MDS-00505,,,,,
MDS-00506,,,,,
MDS-00507,,,,,
MDS-00508,,,,,
MDS-00509,,,,,
MDS-00510,,,,,
MDS-00511,,,,,
MDS-00512,,,,,
MDS-00513,,,,,
MDS-00514,,,,,
MDS-00515,,,,,
MDS-00516,,,,,
MDS-00517,,,,,
MDS-00518,,,,,
MDS-00519,,,,,
MDS-00520,,,,,
MDS-00521,,,,,
MDS-00522,,,,,
MDS-00523,,,,,
MDS-00524,,,,,
MDS-00525,,,,,
MDS-00526,,,,,
MDS-00527,,,,,
MDS-00528,,,,,
MDS-00529,,,,,
MDS-00530,,,,,
MDS-00531,,,,,
MDS-00532,,,,,
MDS-00533,,,,,
MDS-00534,,,,,
MDS-00535,,,,,
MDS-00536,,,,,
MDS-00537,,,,,
MDS-00538,,,,,
MDS-00539,,,,,
MDS-00540,,,,,
MDS-00541,,,,,
MDS-00542,,,,,
MDS-00543,,,,,
MDS-00544,,,,,
MDS-00545,,,,,
MDS-00546,,,,,
MDS-00547,,,,,
MDS-00548,,,,,
MDS-00549,,,,,
MDS-00550,,,,,
MDS-00551,,,,,
MDS-00552,,,,,
MDS-00553,,,,,
MDS-00554,,,,,
MDS-00555,,,,,
MDS-00556,,,,,
MDS-00557,,,,,
MDS-00558,,,,,
MDS-00559,,,,,
MDS-00560,,,,,
MDS-00561,,,,,
MDS-00562,,,,,
MDS-00563,,,,,
MDS-00564,,,,,
MDS-00565,,,,,
MDS-00566,,,,,
MDS-00567,,,,,
MDS-00568,,,,,
MDS-00569,,,,,
MDS-00570,,,,,
MDS-00571,,,,,
MDS-00572,,,,,
MDS-00573,,,,,
MDS-00574,,,,,
MDS-00575,,,,,
MDS-00576,,,,,
MDS-00577,,,,,
MDS-00578,,,,,
MDS-00579,,,,,
MDS-00580,,,,,
MDS-00581,,,,,
MDS-00582,,,,,
MDS-00583,,,,,
MDS-00584,,,,,
MDS-00585,,,,,
MDS-00586,,,,,
MDS-00587,,,,,
MDS-00588,,,,,
MDS-00589,,,,,
MDS-00590,,,,,
MDS-00591,,,,,
MDS-00592,,,,,
MDS-00593,,,,,
MDS-00594,,,,,
MDS-00595,,,,,
MDS-00596,,,,,
MDS-00597,,,,,
MDS-00598,,,,,
MDS-00599,,,,,
MDS-00600,,,,,
MDS-00601,,,,,
MDS-00602,,,,,
MDS-00603,,,,,
MDS-00604,,,,,
MDS-00605,,,,,
MDS-00606,,,,,
MDS-00607,,,,,
MDS-00608,,,,,
MDS-00609,,,,,
MDS-00610,,,,,
MDS-00611,,,,,
MDS-00612,,,,,
MDS-00613,,,,,
MDS-00614,,,,,
MDS-00615,,,,,
MDS-00616,,,,,
MDS-00617,,,,,
MDS-00618,,,,,
MDS-00619,,,,,
MDS-00620,,,,,
MDS-00621,,,,,
MDS-00622,,,,,
MDS-00623,,,,,
MDS-00624,,,,,
MDS-00625,,,,,
MDS-00626,,,,,
MDS-00627,,,,,
MDS-00628,,,,,
MDS-00629,,,,,
MDS-00630,,,,,
MDS-00631,,,,,
MDS-00632,,,,,
MDS-00633,,,,,
MDS-00634,,,,,
MDS-00635,,,,,
MDS-00636,,,,,
MDS-00637,,,,,
MDS-00638,,,,,
MDS-00639,,,,,
MDS-00640,,,,,
MDS-00641,,,,,
MDS-00642,,,,,
MDS-00643,,,,,
MDS-00644,,,,,
MDS-00645,,,,,
MDS-00646,,,,,
MDS-00647,,,,,
MDS-00648,,,,,
MDS-00649,,,,,
MDS-00650,,,,,
MDS-00651,,,,,
MDS-00652,,,,,
MDS-00653,,,,,
MDS-00654,,,,,
MDS-00655,,,,,
MDS-00656,,,,,
MDS-00657,,,,,
MDS-00658,,,,,
MDS-00659,,,,,
MDS-00660,,,,,
MDS-00661,,,,,
MDS-00662,,,,,
MDS-00663,,,,,
MDS-00664,,,,,
MDS-00665,,,,,
MDS-00666,,,,,
MDS-00667,,,,,
MDS-00668,,,,,
MDS-00669,,,,,
MDS-00670,,,,,
MDS-00671,,,,,
MDS-00672,,,,,
MDS-00673,,,,,
MDS-00674,,,,,
MDS-00675,,,,,
MDS-00676,,,,,
MDS-00677,,,,,
MDS-00678,,,,,
MDS-00679,,,,,
MDS-00680,,,,,
MDS-00681,,,,,
MDS-00682,,,,,
MDS-00683,,,,,
MDS-00684,,,,,
MDS-00685,,,,,
MDS-00686,,,,,
MDS-00687,,,,,
MDS-00688,,,,,
MDS-00689,,,,,
MDS-00690,,,,,
MDS-00691,,,,,
MDS-00692,,,,,
MDS-00693,,,,,
MDS-00694,,,,,
MDS-00695,,,,,
MDS-00696,,,,,
MDS-00697,,,,,
MDS-00698,,,,,
MDS-00699,,,,,
MDS-00700,,,,,
MDS-00701,,,,,
MDS-00702,,,,,
MDS-00703,,,,,
MDS-00704,,,,,
MDS-00705,,,,,
MDS-00706,,,,,
MDS-00707,,,,,
MDS-00708,,,,,
MDS-00709,,,,,
MDS-00710,,,,,
MDS-00711,,,,,
MDS-00712,,,,,
MDS-00713,,,,,
MDS-00714,,,,,
MDS-00715,,,,,
MDS-00716,,,,,
MDS-00717,,,,,
MDS-00718,,,,,
MDS-00719,,,,,
MDS-00720,,,,,
MDS-00721,,,,,
MDS-00722,,,,,
MDS-00723,,,,,
MDS-00724,,,,,
MDS-00725,,,,,
MDS-00726,,,,,
MDS-00727,,,,,
MDS-00728,,,,,
MDS-00729,,,,,
MDS-00730,,,,,
MDS-00731,,,,,
MDS-00732,,,,,
MDS-00733,,,,,
MDS-00734,,,,,
MDS-00735,,,,,
MDS-00736,,,,,
MDS-00737,,,,,
MDS-00738,,,,,
MDS-00739,,,,,
MDS-00740,,,,,
MDS-00741,,,,,
MDS-00742,,,,,
MDS-00743,,,,,
MDS-00744,,,,,
MDS-00745,,,,,
MDS-00746,,,,,
MDS-00747,,,,,
MDS-00748,,,,,
MDS-00749,,,,,
MDS-00750,,,,,
MDS-00751,,,,,
MDS-00752,,,,,
MDS-00753,,,,,
MDS-00754,,,,,
MDS-00755,,,,,
MDS-00756,,,,,
MDS-00757,,,,,
MDS-00758,,,,,
MDS-00759,,,,,
MDS-00760,,,,,
MDS-00761,,,,,
MDS-00762,,,,,
MDS-00763,,,,,
MDS-00764,,,,,
MDS-00765,,,,,
MDS-00766,,,,,
MDS-00767,,,,,
MDS-00768,,,,,
MDS-00769,,,,,
MDS-00770,,,,,
MDS-00771,,,,,
MDS-00772,,,,,
MDS-00773,,,,,
MDS-00774,,,,,
MDS-00775,,,,,
MDS-00776,,,,,
MDS-00777,,,,,
MDS-00778,,,,,
MDS-00779,,,,,
MDS-00780,,,,,
MDS-00781,,,,,
MDS-00782,,,,,
MDS-00783,,,,,
MDS-00784,,,,,
MDS-00785,,,,,
MDS-00786,,,,,
MDS-00787,,,,,
MDS-00788,,,,,
MDS-00789,,,,,
MDS-00790,,,,,
MDS-00791,,,,,
MDS-00792,,,,,
MDS-00793,,,,,
MDS-00794,,,,,
MDS-00795,,,,,
MDS-00796,,,,,
MDS-00797,,,,,
MDS-00798,,,,,
MDS-00799,,,,,
MDS-00800,,,,,
MDS-00801,,,,,
MDS-00802,,,,,
MDS-00803,,,,,
MDS-00804,,,,,
MDS-00805,,,,,
MDS-00806,,,,,
MDS-00807,,,,,
MDS-00808,,,,,
MDS-00809,,,,,
MDS-00810,,,,,
MDS-00811,,,,,
MDS-00812,,,,,
MDS-00813,,,,,
MDS-00814,,,,,
MDS-00815,,,,,
MDS-00816,,,,,
MDS-00817,,,,,
MDS-00818,,,,,
MDS-00819,,,,,
MDS-00820,,,,,
MDS-00821,,,,,
MDS-00822,,,,,
MDS-00823,,,,,
MDS-00824,,,,,
MDS-00825,,,,,
MDS-00826,,,,,
MDS-00827,,,,,
MDS-00828,,,,,
MDS-00829,,,,,
MDS-00830,,,,,
MDS-00831,,,,,
MDS-00832,,,,,
MDS-00833,,,,,
MDS-00834,,,,,
MDS-00835,,,,,
MDS-00836,,,,,
MDS-00837,,,,,
MDS-00838,,,,,
MDS-00839,,,,,
MDS-00840,,,,,
MDS-00841,,,,,
MDS-00842,,,,,
MDS-00843,,,,,
MDS-00844,,,,,
MDS-00845,,,,,
MDS-00846,,,,,
MDS-00847,,,,,
MDS-00848,,,,,
MDS-00849,,,,,
MDS-00850,,,,,
MDS-00851,,,,,
MDS-00852,,,,,
MDS-00853,,,,,
MDS-00854,,,,,
MDS-00855,,,,,
MDS-00856,,,,,
MDS-00857,,,,,
MDS-00858,,,,,
MDS-00859,,,,,
MDS-00860,,,,,
MDS-00861,,,,,
MDS-00862,,,,,
MDS-00863,,,,,
MDS-00864,,,,,
MDS-00865,,,,,
MDS-00866,,,,,
MDS-00867,,,,,
MDS-00868,,,,,
MDS-00869,,,,,
MDS-00870,,,,,
MDS-00871,,,,,
MDS-00872,,,,,
MDS-00873,,,,,
MDS-00874,,,,,
MDS-00875,,,,,
MDS-00876,,,,,
MDS-00877,,,,,
MDS-00878,,,,,
MDS-00879,,,,,
MDS-00880,,,,,
MDS-00881,,,,,
MDS-00882,,,,,
MDS-00883,,,,,
MDS-00884,,,,,
MDS-00885,,,,,
MDS-00886,,,,,
MDS-00887,,,,,
MDS-00888,,,,,
MDS-00889,,,,,
MDS-00890,,,,,
MDS-00891,,,,,
MDS-00892,,,,,
MDS-00893,,,,,
MDS-00894,,,,,
MDS-00895,,,,,
MDS-00896,,,,,
MDS-00897,,,,,
MDS-00898,,,,,
MDS-00899,,,,,
MDS-00900,,,,,
MDS-00901,,,,,
MDS-00902,,,,,
MDS-00903,,,,,
MDS-00904,,,,,
MDS-00905,,,,,
MDS-00906,,,,,
MDS-00907,,,,,
MDS-00908,,,,,
MDS-00909,,,,,
MDS-00910,,,,,
MDS-00911,,,,,
MDS-00912,,,,,
MDS-00913,,,,,
MDS-00914,,,,,
MDS-00915,,,,,
MDS-00916,,,,,
MDS-00917,,,,,
MDS-00918,,,,,
MDS-00919,,,,,
MDS-00920,,,,,
MDS-00921,,,,,
MDS-00922,,,,,
MDS-00923,,,,,
MDS-00924,,,,,
MDS-00925,,,,,
MDS-00926,,,,,
MDS-00927,,,,,
MDS-00928,,,,,
MDS-00929,,,,,
MDS-00930,,,,,
MDS-00931,,,,,
MDS-00932,,,,,
MDS-00933,,,,,
MDS-00934,,,,,
MDS-00935,,,,,
MDS-00936,,,,,
MDS-00937,,,,,
MDS-00938,,,,,
MDS-00939,,,,,
MDS-00940,,,,,
MDS-00941,,,,,
MDS-00942,,,,,
MDS-00943,,,,,
MDS-00944,,,,,
MDS-00945,,,,,
MDS-00946,,,,,
MDS-00947,,,,,
MDS-00948,,,,,
MDS-00949,,,,,
MDS-00950,,,,,
MDS-00951,,,,,
MDS-00952,,,,,
MDS-00953,,,,,
MDS-00954,,,,,
MDS-00955,,,,,
MDS-00956,,,,,
MDS-00957,,,,,
MDS-00958,,,,,
MDS-00959,,,,,
MDS-00960,,,,,
MDS-00961,,,,,
MDS-00962,,,,,
MDS-00963,,,,,
MDS-00964,,,,,
MDS-00965,,,,,
MDS-00966,,,,,
MDS-00967,,,,,
MDS-00968,,,,,
MDS-00969,,,,,
MDS-00970,,,,,
MDS-00971,,,,,
MDS-00972,,,,,
MDS-00973,,,,,
MDS-00974,,,,,
MDS-00975,,,,,
MDS-00976,,,,,
MDS-00977,,,,,
MDS-00978,,,,,
MDS-00979,,,,,
MDS-00980,,,,,
MDS-00981,,,,,
MDS-00982,,,,,
MDS-00983,,,,,
MDS-00984,,,,,
MDS-00985,,,,,
MDS-00986,,,,,
MDS-00987,,,,,
MDS-00988,,,,,
MDS-00989,,,,,
MDS-00990,,,,,
MDS-00991,,,,,
MDS-00992,,,,,
MDS-00993,,,,,
MDS-00994,,,,,
MDS-00995,,,,,
MDS-00996,,,,,
MDS-00997,,,,,
MDS-00998,,,,,
MDS-00999,,,,,
MDS-01000,,,,,
MDS-01001,,,,,
MDS-01002,,,,,
MDS-01003,,,,,
MDS-01004,,,,,
MDS-01005,,,,,
MDS-01006,,,,,
MDS-01007,,,,,
MDS-01008,,,,,
MDS-01009,,,,,
MDS-01010,,,,,
MDS-01011,,,,,
MDS-01012,,,,,
MDS-01013,,,,,
MDS-01014,,,,,
MDS-01015,,,,,
MDS-01016,,,,,
MDS-01017,,,,,
MDS-01018,,,,,
MDS-01019,,,,,
MDS-01020,,,,,
MDS-01021,,,,,
MDS-01022,,,,,
MDS-01023,,,,,
MDS-01024,,,,,
MDS-01025,,,,,
MDS-01026,,,,,
MDS-01027,,,,,
MDS-01028,,,,,
MDS-01029,,,,,
MDS-01030,,,,,
MDS-01031,,,,,
MDS-01032,,,,,
MDS-01033,,,,,
MDS-01034,,,,,
MDS-01035,,,,,
MDS-01036,,,,,
MDS-01037,,,,,
MDS-01038,,,,,
MDS-01039,,,,,
MDS-01040,,,,,
MDS-01041,,,,,
MDS-01042,,,,,
MDS-01043,,,,,
MDS-01044,,,,,
MDS-01045,,,,,
MDS-01046,,,,,
MDS-01047,,,,,
MDS-01048,,,,,
MDS-01049,,,,,
MDS-01050,,,,,
MDS-01051,,,,,
MDS-01052,,,,,
MDS-01053,,,,,
MDS-01054,,,,,
MDS-01055,,,,,
MDS-01056,,,,,
MDS-01057,,,,,
MDS-01058,,,,,
MDS-01059,,,,,
MDS-01060,,,,,
MDS-01061,,,,,
MDS-01062,,,,,
MDS-01063,,,,,
MDS-01064,,,,,
MDS-01065,,,,,
MDS-01066,,,,,
MDS-01067,,,,,
MDS-01068,,,,,
MDS-01069,,,,,
MDS-01070,,,,,
MDS-01071,,,,,
MDS-01072,,,,,
MDS-01073,,,,,
MDS-01074,,,,,
MDS-01075,,,,,
MDS-01076,,,,,
MDS-01077,,,,,
MDS-01078,,,,,
MDS-01079,,,,,
MDS-01080,,,,,
MDS-01081,,,,,
MDS-01082,,,,,
MDS-01083,,,,,
MDS-01084,,,,,
MDS-01085,,,,,
MDS-01086,,,,,
MDS-01087,,,,,
MDS-01088,,,,,
MDS-01089,,,,,
MDS-01090,,,,,
MDS-01091,,,,,
MDS-01092,,,,,
MDS-01093,,,,,
MDS-01094,,,,,
MDS-01095,,,,,
MDS-01096,,,,,
MDS-01097,,,,,
MDS-01098,,,,,
MDS-01099,,,,,
MDS-01100,,,,,
MDS-01101,,,,,
MDS-01102,,,,,
MDS-01103,,,,,
MDS-01104,,,,,
MDS-01105,,,,,
MDS-01106,,,,,
MDS-01107,,,,,
MDS-01108,,,,,
MDS-01109,,,,,
MDS-01110,,,,,
MDS-01111,,,,,
MDS-01112,,,,,
MDS-01113,,,,,
MDS-01114,,,,,
MDS-01115,,,,,
MDS-01116,,,,,
MDS-01117,,,,,
MDS-01118,,,,,
MDS-01119,,,,,
MDS-01120,,,,,
MDS-01121,,,,,
MDS-01122,,,,,
MDS-01123,,,,,
MDS-01124,,,,,
MDS-01125,,,,,
MDS-01126,,,,,
MDS-01127,,,,,
MDS-01128,,,,,
MDS-01129,,,,,
MDS-01130,,,,,
MDS-01131,,,,,
MDS-01132,,,,,
MDS-01133,,,,,
MDS-01134,,,,,
MDS-01135,,,,,
MDS-01136,,,,,
MDS-01137,,,,,
MDS-01138,,,,,
MDS-01139,,,,,
MDS-01140,,,,,
MDS-01141,,,,,
MDS-01142,,,,,
MDS-01143,,,,,
MDS-01144,,,,,
MDS-01145,,,,,
MDS-01146,,,,,
MDS-01147,,,,,
MDS-01148,,,,,
MDS-01149,,,,,
MDS-01150,,,,,
MDS-01151,,,,,
MDS-01152,,,,,
MDS-01153,,,,,
MDS-01154,,,,,
MDS-01155,,,,,
MDS-01156,,,,,
MDS-01157,,,,,
MDS-01158,,,,,
MDS-01159,,,,,
MDS-01160,,,,,
MDS-01161,,,,,
MDS-01162,,,,,
MDS-01163,,,,,
MDS-01164,,,,,
MDS-01165,,,,,
MDS-01166,,,,,
MDS-01167,,,,,
MDS-01168,,,,,
MDS-01169,,,,,
MDS-01170,,,,,
MDS-01171,,,,,
MDS-01172,,,,,
MDS-01173,,,,,
MDS-01174,,,,,
MDS-01175,,,,,
MDS-01176,,,,,
MDS-01177,,,,,
MDS-01178,,,,,
MDS-01179,,,,,
MDS-01180,,,,,
MDS-01181,,,,,
MDS-01182,,,,,
MDS-01183,,,,,
MDS-01184,,,,,
MDS-01185,,,,,
MDS-01186,,,,,
MDS-01187,,,,,
MDS-01188,,,,,
MDS-01189,,,,,
MDS-01190,,,,,
MDS-01191,,,,,
MDS-01192,,,,,
MDS-01193,,,,,
MDS-01194,,,,,
MDS-01195,,,,,
MDS-01196,,,,,
MDS-01197,,,,,
MDS-01198,,,,,
MDS-01199,,,,,
MDS-01200,,,,,
MDS-01201,,,,,
MDS-01202,,,,,
MDS-01203,,,,,
MDS-01204,,,,,
MDS-01205,,,,,
MDS-01206,,,,,
MDS-01207,,,,,
MDS-01208,,,,,
MDS-01209,,,,,
MDS-01210,,,,,
MDS-01211,,,,,
MDS-01212,,,,,
MDS-01213,,,,,
MDS-01214,,,,,
MDS-01215,,,,,
MDS-01216,,,,,
MDS-01217,,,,,
MDS-01218,,,,,
MDS-01219,,,,,
MDS-01220,,,,,
MDS-01221,,,,,
MDS-01222,,,,,
MDS-01223,,,,,
MDS-01224,,,,,
MDS-01225,,,,,
MDS-01226,,,,,
MDS-01227,,,,,
MDS-01228,,,,,
MDS-01229,,,,,
MDS-01230,,,,,
MDS-01231,,,,,
MDS-01232,,,,,
MDS-01233,,,,,
MDS-01234,,,,,
MDS-01235,,,,,
MDS-01236,,,,,
MDS-01237,,,,,
MDS-01238,,,,,
MDS-01239,,,,,
MDS-01240,,,,,
MDS-01241,,,,,
MDS-01242,,,,,
MDS-01243,,,,,
MDS-01244,,,,,
MDS-01245,,,,,
MDS-01246,,,,,
MDS-01247,,,,,
MDS-01248,,,,,
MDS-01249,,,,,
MDS-01250,,,,,
MDS-01251,,,,,
MDS-01252,,,,,
MDS-01253,,,,,
MDS-01254,,,,,
MDS-01255,,,,,
MDS-01256,,,,,
MDS-01257,,,,,
MDS-01258,,,,,
MDS-01259,,,,,
MDS-01260,,,,,
MDS-01261,,,,,
MDS-01262,,,,,
MDS-01263,,,,,
MDS-01264,,,,,
MDS-01265,,,,,
MDS-01266,,,,,
MDS-01267,,,,,
MDS-01268,,,,,
MDS-01269,,,,,
MDS-01270,,,,,
MDS-01271,,,,,
MDS-01272,,,,,
MDS-01273,,,,,
MDS-01274,,,,,
MDS-01275,,,,,
MDS-01276,,,,,
MDS-01277,,,,,
MDS-01278,,,,,
MDS-01279,,,,,
MDS-01280,,,,,
MDS-01281,,,,,
MDS-01282,,,,,
MDS-01283,,,,,
MDS-01284,,,,,
MDS-01285,,,,,
MDS-01286,,,,,
MDS-01287,,,,,
MDS-01288,,,,,
MDS-01289,,,,,
MDS-01290,,,,,
MDS-01291,,,,,
MDS-01292,,,,,
MDS-01293,,,,,
MDS-01294,,,,,
MDS-01295,,,,,
MDS-01296,,,,,
MDS-01297,,,,,
MDS-01298,,,,,
MDS-01299,,,,,
MDS-01300,,,,,
MDS-01301,,,,,
MDS-01302,,,,,
MDS-01303,,,,,
MDS-01304,,,,,
MDS-01305,,,,,
MDS-01306,,,,,
MDS-01307,,,,,
MDS-01308,,,,,
MDS-01309,,,,,
MDS-01310,,,,,
MDS-01311,,,,,
MDS-01312,,,,,
MDS-01313,,,,,
MDS-01314,,,,,
MDS-01315,,,,,
MDS-01316,,,,,
MDS-01317,,,,,
MDS-01318,,,,,
MDS-01319,,,,,
MDS-01320,,,,,
MDS-01321,,,,,
MDS-01322,,,,,
MDS-01323,,,,,
MDS-01324,,,,,
MDS-01325,,,,,
MDS-01326,,,,,
MDS-01327,,,,,
MDS-01328,,,,,
MDS-01329,,,,,
MDS-01330,,,,,
MDS-01331,,,,,
MDS-01332,,,,,
MDS-01333,,,,,
MDS-01334,,,,,
MDS-01335,,,,,
MDS-01336,,,,,
MDS-01337,,,,,
MDS-01338,,,,,
MDS-01339,,,,,
MDS-01340,,,,,
MDS-01341,,,,,
MDS-01342,,,,,
MDS-01343,,,,,
MDS-01344,,,,,
MDS-01345,,,,,
MDS-01346,,,,,
MDS-01347,,,,,
MDS-01348,,,,,
MDS-01349,,,,,
MDS-01350,,,,,
MDS-01351,,,,,
MDS-01352,,,,,
MDS-01353,,,,,
MDS-01354,,,,,
MDS-01355,,,,,
MDS-01356,,,,,
MDS-01357,,,,,
MDS-01358,,,,,
MDS-01359,,,,,
MDS-01360,,,,,
MDS-01361,,,,,
MDS-01362,,,,,
MDS-01363,,,,,
MDS-01364,,,,,
MDS-01365,,,,,
MDS-01366,,,,,
MDS-01367,,,,,
MDS-01368,,,,,
MDS-01369,,,,,
MDS-01370,,,,,
MDS-01371,,,,,
MDS-01372,,,,,
MDS-01373,,,,,
MDS-01374,,,,,
MDS-01375,,,,,
MDS-01376,,,,,
MDS-01377,,,,,
MDS-01378,,,,,
MDS-01379,,,,,
MDS-01380,,,,,
MDS-01381,,,,,
MDS-01382,,,,,
MDS-01383,,,,,
MDS-01384,,,,,
MDS-01385,,,,,
MDS-01386,,,,,
MDS-01387,,,,,
MDS-01388,,,,,
MDS-01389,,,,,
MDS-01390,,,,,
MDS-01391,,,,,
MDS-01392,,,,,
MDS-01393,,,,,
MDS-01394,,,,,
MDS-01395,,,,,
MDS-01396,,,,,
MDS-01397,,,,,
MDS-01398,,,,,
MDS-01399,,,,,
MDS-01400,,,,,
MDS-01401,,,,,
MDS-01402,,,,,
MDS-01403,,,,,
MDS-01404,,,,,
MDS-01405,,,,,
MDS-01406,,,,,
MDS-01407,,,,,
MDS-01408,,,,,
MDS-01409,,,,,
MDS-01410,,,,,
MDS-01411,,,,,
MDS-01412,,,,,
MDS-01413,,,,,
MDS-01414,,,,,
MDS-01415,,,,,
MDS-01416,,,,,
MDS-01417,,,,,
MDS-01418,,,,,
MDS-01419,,,,,
MDS-01420,,,,,
MDS-01421,,,,,
MDS-01422,,,,,
MDS-01423,,,,,
MDS-01424,,,,,
MDS-01425,,,,,
MDS-01426,,,,,
MDS-01427,,,,,
MDS-01428,,,,,
MDS-01429,,,,,
MDS-01430,,,,,
MDS-01431,,,,,
MDS-01432,,,,,
MDS-01433,,,,,
MDS-01434,,,,,
MDS-01435,,,,,
MDS-01436,,,,,
MDS-01437,,,,,
MDS-01438,,,,,
MDS-01439,,,,,
MDS-01440,,,,,
MDS-01441,,,,,
MDS-01442,,,,,
MDS-01443,,,,,
MDS-01444,,,,,
MDS-01445,,,,,
MDS-01446,,,,,
MDS-01447,,,,,
MDS-01448,,,,,
MDS-01449,,,,,
MDS-01450,,,,,
MDS-01451,,,,,
MDS-01452,,,,,
MDS-01453,,,,,
MDS-01454,,,,,
MDS-01455,,,,,
MDS-01456,,,,,
MDS-01457,,,,,
MDS-01458,,,,,
MDS-01459,,,,,
MDS-01460,,,,,
MDS-01461,,,,,
MDS-01462,,,,,
MDS-01463,,,,,
MDS-01464,,,,,
MDS-01465,,,,,
MDS-01466,,,,,
MDS-01467,,,,,
MDS-01468,,,,,
MDS-01469,,,,,
MDS-01470,,,,,
MDS-01471,,,,,
MDS-01472,,,,,
MDS-01473,,,,,
MDS-01474,,,,,
MDS-01475,,,,,
MDS-01476,,,,,
MDS-01477,,,,,
MDS-01478,,,,,
MDS-01479,,,,,
MDS-01480,,,,,
MDS-01481,,,,,
MDS-01482,,,,,
MDS-01483,,,,,
MDS-01484,,,,,
MDS-01485,,,,,
MDS-01486,,,,,
MDS-01487,,,,,
MDS-01488,,,,,
MDS-01489,,,,,
MDS-01490,,,,,
MDS-01491,,,,,
MDS-01492,,,,,
MDS-01493,,,,,
MDS-01494,,,,,
MDS-01495,,,,,
MDS-01496,,,,,
MDS-01497,,,,,
MDS-01498,,,,,
MDS-01499,,,,,
MDS-01500,,,,,
MDS-01501,,,,,
MDS-01502,,,,,
MDS-01503,,,,,
MDS-01504,,,,,
MDS-01505,,,,,
MDS-01506,,,,,
MDS-01507,,,,,
MDS-01508,,,,,
MDS-01509,,,,,
MDS-01510,,,,,
MDS-01511,,,,,
MDS-01512,,,,,
MDS-01513,,,,,
MDS-01514,,,,,
MDS-01515,,,,,
MDS-01516,,,,,
MDS-01517,,,,,
MDS-01518,,,,,
MDS-01519,,,,,
MDS-01520,,,,,
MDS-01521,,,,,
MDS-01522,,,,,
MDS-01523,,,,,
MDS-01524,,,,,
MDS-01525,,,,,
MDS-01526,,,,,
MDS-01527,,,,,
MDS-01528,,,,,
MDS-01529,,,,,
MDS-01530,,,,,
MDS-01531,,,,,
MDS-01532,,,,,
MDS-01533,,,,,
MDS-01534,,,,,
MDS-01535,,,,,
MDS-01536,,,,,
MDS-01537,,,,,
MDS-01538,,,,,
MDS-01539,,,,,
MDS-01540,,,,,
MDS-01541,,,,,
MDS-01542,,,,,
MDS-01543,,,,,
MDS-01544,,,,,
MDS-01545,,,,,
MDS-01546,,,,,
MDS-01547,,,,,
MDS-01548,,,,,
MDS-01549,,,,,
MDS-01550,,,,,
MDS-01551,,,,,
MDS-01552,,,,,
MDS-01553,,,,,
MDS-01554,,,,,
MDS-01555,,,,,
MDS-01556,,,,,
MDS-01557,,,,,
MDS-01558,,,,,
MDS-01559,,,,,
MDS-01560,,,,,
MDS-01561,,,,,
MDS-01562,,,,,
MDS-01563,,,,,
MDS-01564,,,,,
MDS-01565,,,,,
MDS-01566,,,,,
MDS-01567,,,,,
MDS-01568,,,,,
MDS-01569,,,,,
MDS-01570,,,,,
MDS-01571,,,,,
MDS-01572,,,,,
MDS-01573,,,,,
MDS-01574,,,,,
MDS-01575,,,,,
MDS-01576,,,,,
MDS-01577,,,,,
MDS-01578,,,,,
MDS-01579,,,,,
MDS-01580,,,,,
MDS-01581,,,,,
MDS-01582,,,,,
MDS-01583,,,,,
MDS-01584,,,,,
MDS-01585,,,,,
MDS-01586,,,,,
MDS-01587,,,,,
MDS-01588,,,,,
MDS-01589,,,,,
MDS-01590,,,,,
MDS-01591,,,,,
MDS-01592,,,,,
MDS-01593,,,,,
MDS-01594,,,,,
MDS-01595,,,,,
MDS-01596,,,,,
MDS-01597,,,,,
MDS-01598,,,,,
MDS-01599,,,,,
MDS-01600,,,,,
MDS-01601,,,,,
MDS-01602,,,,,
MDS-01603,,,,,
MDS-01604,,,,,
MDS-01605,,,,,
MDS-01606,,,,,
MDS-01607,,,,,
MDS-01608,,,,,
MDS-01609,,,,,
MDS-01610,,,,,
MDS-01611,,,,,
MDS-01612,,,,,
MDS-01613,,,,,
MDS-01614,,,,,
MDS-01615,,,,,
MDS-01616,,,,,
MDS-01617,,,,,
MDS-01618,,,,,
MDS-01619,,,,,
MDS-01620,,,,,
MDS-01621,,,,,
MDS-01622,,,,,
MDS-01623,,,,,
MDS-01624,,,,,
MDS-01625,,,,,
MDS-01626,,,,,
MDS-01627,,,,,
MDS-01628,,,,,
MDS-01629,,,,,
MDS-01630,,,,,
MDS-01631,,,,,
MDS-01632,,,,,
MDS-01633,,,,,
MDS-01634,,,,,
MDS-01635,,,,,
MDS-01636,,,,,
MDS-01637,,,,,
MDS-01638,,,,,
MDS-01639,,,,,
MDS-01640,,,,,
MDS-01641,,,,,
MDS-01642,,,,,
MDS-01643,,,,,
MDS-01644,,,,,
MDS-01645,,,,,
MDS-01646,,,,,
MDS-01647,,,,,
MDS-01648,,,,,
MDS-01649,,,,,
MDS-01650,,,,,
MDS-01651,,,,,
MDS-01652,,,,,
MDS-01653,,,,,
MDS-01654,,,,,
MDS-01655,,,,,
MDS-01656,,,,,
MDS-01657,,,,,
MDS-01658,,,,,
MDS-01659,,,,,
MDS-01660,,,,,
MDS-01661,,,,,
MDS-01662,,,,,
MDS-01663,,,,,
MDS-01664,,,,,
MDS-01665,,,,,
MDS-01666,,,,,
MDS-01667,,,,,
MDS-01668,,,,,
MDS-01669,,,,,
MDS-01670,,,,,
MDS-01671,,,,,
MDS-01672,,,,,
MDS-01673,,,,,
MDS-01674,,,,,
MDS-01675,,,,,
MDS-01676,,,,,
MDS-01677,,,,,
MDS-01678,,,,,
MDS-01679,,,,,
MDS-01680,,,,,
MDS-01681,,,,,
MDS-01682,,,,,
MDS-01683,,,,,
MDS-01684,,,,,
MDS-01685,,,,,
MDS-01686,,,,,
MDS-01687,,,,,
MDS-01688,,,,,
MDS-01689,,,,,
MDS-01690,,,,,
MDS-01691,,,,,
MDS-01692,,,,,
MDS-01693,,,,,
MDS-01694,,,,,
MDS-01695,,,,,
MDS-01696,,,,,
MDS-01697,,,,,
MDS-01698,,,,,
MDS-01699,,,,,
MDS-01700,,,,,
MDS-01701,,,,,
MDS-01702,,,,,
MDS-01703,,,,,
MDS-01704,,,,,
MDS-01705,,,,,
MDS-01706,,,,,
MDS-01707,,,,,
MDS-01708,,,,,
MDS-01709,,,,,
MDS-01710,,,,,
MDS-01711,,,,,
MDS-01712,,,,,
MDS-01713,,,,,
MDS-01714,,,,,
MDS-01715,,,,,
MDS-01716,,,,,
MDS-01717,,,,,
MDS-01718,,,,,
MDS-01719,,,,,
MDS-01720,,,,,
MDS-01721,,,,,
MDS-01722,,,,,
MDS-01723,,,,,
MDS-01724,,,,,
MDS-01725,,,,,
MDS-01726,,,,,
MDS-01727,,,,,
MDS-01728,,,,,
MDS-01729,,,,,
MDS-01730,,,,,
MDS-01731,,,,,
MDS-01732,,,,,
MDS-01733,,,,,
MDS-01734,,,,,
MDS-01735,,,,,
MDS-01736,,,,,
MDS-01737,,,,,
MDS-01738,,,,,
MDS-01739,,,,,
MDS-01740,,,,,
MDS-01741,,,,,
MDS-01742,,,,,
MDS-01743,,,,,
MDS-01744,,,,,
MDS-01745,,,,,
MDS-01746,,,,,
MDS-01747,,,,,
MDS-01748,,,,,
MDS-01749,,,,,
MDS-01750,,,,,
MDS-01751,,,,,
MDS-01752,,,,,
MDS-01753,,,,,
MDS-01754,,,,,
MDS-01755,,,,,
MDS-01756,,,,,
MDS-01757,,,,,
MDS-01758,,,,,
MDS-01759,,,,,
MDS-01760,,,,,
MDS-01761,,,,,
MDS-01762,,,,,
MDS-01763,,,,,
MDS-01764,,,,,
MDS-01765,,,,,
MDS-01766,,,,,
MDS-01767,,,,,
MDS-01768,,,,,
MDS-01769,,,,,
MDS-01770,,,,,
MDS-01771,,,,,
MDS-01772,,,,,
MDS-01773,,,,,
MDS-01774,,,,,
MDS-01775,,,,,
MDS-01776,,,,,
MDS-01777,,,,,
MDS-01778,,,,,
MDS-01779,,,,,
MDS-01780,,,,,
MDS-01781,,,,,
MDS-01782,,,,,
MDS-01783,,,,,
MDS-01784,,,,,
MDS-01785,,,,,
MDS-01786,,,,,
MDS-01787,,,,,
MDS-01788,,,,,
MDS-01789,,,,,
MDS-01790,,,,,
MDS-01791,,,,,
MDS-01792,,,,,
MDS-01793,,,,,
MDS-01794,,,,,
MDS-01795,,,,,
MDS-01796,,,,,
MDS-01797,,,,,
MDS-01798,,,,,
MDS-01799,,,,,
MDS-01800,,,,,
MDS-01801,,,,,
MDS-01802,,,,,
MDS-01803,,,,,
MDS-01804,,,,,
MDS-01805,,,,,
MDS-01806,,,,,
MDS-01807,,,,,
MDS-01808,,,,,
MDS-01809,,,,,
MDS-01810,,,,,
MDS-01811,,,,,
MDS-01812,,,,,
MDS-01813,,,,,
MDS-01814,,,,,
MDS-01815,,,,,
MDS-01816,,,,,
MDS-01817,,,,,
MDS-01818,,,,,
MDS-01819,,,,,
MDS-01820,,,,,
MDS-01821,,,,,
MDS-01822,,,,,
MDS-01823,,,,,
MDS-01824,,,,,
MDS-01825,,,,,
MDS-01826,,,,,
MDS-01827,,,,,
MDS-01828,,,,,
MDS-01829,,,,,
MDS-01830,,,,,
MDS-01831,,,,,
MDS-01832,,,,,
MDS-01833,,,,,
MDS-01834,,,,,
MDS-01835,,,,,
MDS-01836,,,,,
MDS-01837,,,,,
MDS-01838,,,,,
MDS-01839,,,,,
MDS-01840,,,,,
MDS-01841,,,,,
MDS-01842,,,,,
MDS-01843,,,,,
MDS-01844,,,,,
MDS-01845,,,,,
MDS-01846,,,,,
MDS-01847,,,,,
MDS-01848,,,,,
MDS-01849,,,,,
MDS-01850,,,,,
MDS-01851,,,,,
MDS-01852,,,,,
MDS-01853,,,,,
MDS-01854,,,,,
MDS-01855,,,,,
MDS-01856,,,,,
MDS-01857,,,,,
MDS-01858,,,,,
MDS-01859,,,,,
MDS-01860,,,,,
MDS-01861,,,,,
MDS-01862,,,,,
MDS-01863,,,,,
MDS-01864,,,,,
MDS-01865,,,,,
MDS-01866,,,,,
MDS-01867,,,,,
MDS-01868,,,,,
MDS-01869,,,,,
MDS-01870,,,,,
MDS-01871,,,,,
MDS-01872,,,,,
MDS-01873,,,,,
MDS-01874,,,,,
MDS-01875,,,,,
MDS-01876,,,,,
MDS-01877,,,,,
MDS-01878,,,,,
MDS-01879,,,,,
MDS-01880,,,,,
MDS-01881,,,,,
MDS-01882,,,,,
MDS-01883,,,,,
MDS-01884,,,,,
MDS-01885,,,,,
MDS-01886,,,,,
MDS-01887,,,,,
MDS-01888,,,,,
MDS-01889,,,,,
MDS-01890,,,,,
MDS-01891,,,,,
MDS-01892,,,,,
MDS-01893,,,,,
MDS-01894,,,,,
MDS-01895,,,,,
MDS-01896,,,,,
MDS-01897,,,,,
MDS-01898,,,,,
MDS-01899,,,,,
MDS-01900,,,,,
MDS-01901,,,,,
MDS-01902,,,,,
MDS-01903,,,,,
MDS-01904,,,,,
MDS-01905,,,,,
MDS-01906,,,,,
